Image_ID,Label
nRhHxqLhDlJsiXc,0.0054441676
gbSntVovxgHQrmO,0.067565
nqOobGmvgEOiPms,0.00028674825
oIkPTooLcIbZKlF,0.9901001
eSKxsTTJDQzkjgD,0.07597483
fGOKonqqErFfiuK,0.999783
UZPfNzWrCgFaaNz,0.069773056
kvesbcrtTOohiLT,0.25232616
cdEZEDZaveknkKa,0.0013792213
GaSSOeqyIktsAmW,0.018348446
HPeQFgWaAXYUudP,0.13187219
QCiNkpJJqhUrhJw,0.0026687966
ZghFqBtZjgFNhEd,0.13451278
IypiZpxWuQzqFtX,0.00921299
MpjOfMFyHcLtxEe,0.014016958
jtyOoBrAZpMYhPd,0.2792623
xKSvNuUFXtfsxcL,0.746539
PxzQoNBqWwxhxHU,0.00390981
eBIGOMITtVDxgco,0.97628605
YGldCVpEhmDhCfB,0.8559687
YsIrfIbUTFAVLuA,0.19713458
BADSMkRmwapihnH,0.26178268
zRjjLRTcHldvsDO,0.0031843071
uxiNbcCqYnHBdoT,0.001704389
MEPpiRYJgJLRYpW,0.12275395
YIUlgjNqemMwGtW,0.3671349
jBduUjHTqYJvtVv,0.8908938
yXCylbJUfTvbPcj,0.95997375
OcTWRvWjeDQRbVu,0.740493
UIRJNpxPYfnOkVk,0.009298642
liaachxlQBtQtrt,0.022336071
FRoaAYgXCZAbqhT,0.252399
XpVRWdOwHqgrAwd,0.99875355
jesIJJxSBMDKKkU,0.9889937
mQTgbtIqRFbiHKR,0.99924064
kYCaCaWHAwiixcL,0.45264474
dRjdzOaYOPfIXqT,0.0027036553
kqiEGxhjuxITUrt,2.2971562e-05
MGIEIPuEyTyUKoG,0.9986198
KChuIIZYEbXokqa,0.13542654
nOXmmOnZRUrsMsN,0.022248797
blahbLZUXmUQjfs,0.012021614
rgLzgwLcEsqQoFB,0.9725654
eIVcQkttSPownJW,0.7715795
ZSfWLxjUSwJFMHj,0.0005016367
oBzJltkaseFBkGv,0.94982946
pNtLdgurKfkyZGk,0.69175535
DvwHNDZgHvhExzq,0.110836275
VVEizBVchRknozY,0.97114354
SwtfDkGcdFdwKhn,0.030047448
SzRvJnmKavZsRDr,0.95172536
ntRzuMHumxJhCbk,0.04546462
NVnfyexBrFknKnQ,0.00054276123
VEkCOPvKkAuXpmm,0.951546
DRCxXJxxcewFNiy,0.8259741
hbpVKqpWQHCqWCV,0.6367887
MNuHMWYdgfOZhTk,0.0009194043
RtMQAXGzjCOsAsl,0.12212978
VlSBtCMhjvudWvL,0.0061677787
wspbQyiHSHvjuPq,0.76534945
UiyOTzcWAlZwtwb,0.005625699
yuCrUdeBQEglGyM,0.011233253
IfFFTqrtbBBkAtf,0.99814343
VPCrkGLywRqsZQE,0.0012558235
QDirabKPmUVazFh,0.043606874
VAdMyfpEssvJSxJ,0.62732774
yJbdMABCMoLmxcI,0.011451549
eXSnwvQRpcKcQSq,0.0028323787
wIHAcpLznCzlNRq,0.17448424
YEewfeCAcfLJxVB,0.8726155
IOnpgdLVOPLMvja,0.60547894
xrnISxmaDgyoNDg,0.12656106
DUiDHmwpnawEJac,0.1615132
SWthuAWHktIDZzR,0.93578
GlvTePeJYywzFob,0.28794762
zdWBMXILWOSUdNR,0.31119522
WosNPjFhdvAwrqP,0.024476057
KEQVyOjYBjDhwna,0.05449092
EIIhzgfBIPhKJJs,0.9999107
GimXkKSJQXtPidy,0.009639641
EqoddbdEWkfFJWe,0.07675258
aBJfiAhyCGdJcdd,0.005541528
aWcEuhNurwitUkM,0.20975319
gBpcrdEZwAOrGzm,0.002268428
UJMiOnCbGTyyFSh,0.0011852437
oZxooqxYkEhrrvv,0.51722187
nIpAESrtAnvZgAF,0.9992749
beEztzrByabrcHP,0.98415023
UDNtJpAHrVbImZN,0.0026098248
MuCWFwiyleFamej,0.8111464
PpjNUqQmXbJXeZn,0.99978477
gqipKOPhkKxPgXA,0.08519596
iOPsTjkwXHGqMIG,0.9852432
nOvXqhAlMQPCaYM,0.0003213143
FlwSRiXGcKMpjsp,0.61937445
BeAVnZczJKnLHkp,0.37546372
rKWiEbiamZUIMFX,0.007143885
fwhETKOArupQijQ,0.571844
tufxAMWbhcyoabs,0.9871022
aljEXHqGarOTjtT,0.93262994
RmDHwLtXbDUTqBP,0.031515576
uUWPlqKVkFUXjwR,0.0017732101
utfRbnfKwLvPajl,0.0021987036
aYUNBkPUOeVojJr,0.021357017
uYefLcooIuBNXkT,0.0076380013
ADTbLwWfdRwReul,0.0112868715
vrKVYZBacGhnoBl,0.0031738474
bbsKBYZEmVAgjsq,0.04602492
scPtfWLPIvTuzyc,0.11563866
EMgYfHWScUoxKPz,0.9994642
yzHXAwOUNQbdvdA,0.9898553
iugMYhGLSrZPisK,0.004631327
bpKOXzguXWZGKns,0.0292846
YwsctieTDJSewUc,0.9998872
gnlrOlFiPjuQcIB,0.9956
EgogsvxrMBSaqcl,0.25285515
YNSoezaCiKacRUZ,0.33194625
hsRdEbTCndPeVtV,0.0014112022
ujIopmCTHooHzGQ,0.022460334
tpPtjwlcaRExHZa,0.08392097
YuXHYzHerdifpDF,0.9995153
SqXgINaVAtUxCav,0.32605138
UQhapaFQrodlyIJ,0.6127239
wQRkGSYkJGQrspl,0.12432677
oKccAERsKEbLsEe,0.9999691
CfgpcmhjifXxJps,0.5641308
wPNoRvGfFtVhKis,0.980907
rqVFzruWRDTmQRU,0.9921268
HqbWLVaZjRQTNKG,0.19075575
ZEhJSAOKxpxWkiz,0.11215446
DYAgvMmyaJGRjuX,0.020305213
ujaqnROylyQTXZt,0.07807664
WLvZfUoGqfDQiQX,0.99825245
qQqMlAujzgUqyZz,0.7161513
GYyqQtfcMxUbADi,0.007884947
BclHkIsxzLxKblb,0.57424873
YjpwkpmcysgvgNq,0.008344321
dhTtKYfPjaljBSN,0.9998306
oOZkCHeYvXJKXtG,0.99015397
DIlxxqSnVrivKlJ,0.018826418
cuNDKuTFtPrnThZ,0.005555947
vyDAqQrfMivZXKr,0.82973313
fEVgGAsTvVZCQue,0.32844636
yTMTpOTYUIDnhil,0.9974855
cmlqluykjXAMJAp,0.096748814
GkBygYyVYFQIdWt,0.11153448
feaDRAhtqQGEPgT,0.9408108
pjvovmocmrdFNvU,0.5028171
WoDSAVIKygzUDqR,0.99841976
WZMhnlbnmrZwRFd,0.4882106
cHPakBvGLbNbRiY,0.7159121
YugfWICQvLtpWgh,0.95724106
TiIDbcaJeBAqyGs,0.0013420281
LabqSvlRqAlogeI,0.8669779
owgPcGwZuTyxFxt,0.99324775
aTfSOcEzjIdGrYk,0.19338377
eQldpcrmFBJPOZE,0.009890113
fxCTrUcciCiUYVH,0.99496776
oCyUlEaOTufuQLz,0.12010946
dVMDasIqzWLKWBN,0.036777683
BarINKbSAYIvfxl,0.0037962117
gvEZnTMIqSjBOmu,0.0063472954
IuseYbfpCMApjma,0.37766662
gfjwBmDvqDfftDQ,0.0003781751
AFDbfuMGEQCzsYb,0.9990945
kyCshCvxzRngSPg,0.15792672
OBGejzdNgFudtDi,0.97653747
XuUHBBBFufLjYhf,0.06955336
SpXcKYaFPbsCNZC,0.16051571
RmAVNvKBnjvUEGs,0.19163902
YuJUhIdmxFaNKsh,0.99451435
TBXVnoXuFiMIRsA,0.90107054
UXDhLMNUfhNcPHw,0.22093098
KYLhPSImvpOERwt,0.0013290896
clavnlMOlmppeHN,0.9996815
NmMhyznAwuJKUyA,0.0017548985
kCMVRuroKZTxZJU,0.13879466
LcyDGaJpJYOlXyo,0.00013956951
uuvDipOuFRTIVWE,0.7867589
vjnbqBqQFwZjCVb,0.08569249
bEPhrADQOTUHrDf,0.046263605
nefNWdwvQHxYrGV,0.5799908
HSfLRQQtSmKCMLD,0.2964396
slYrjWaqjnIoMOl,0.97488517
VZlJgrKsOZUmJZz,0.098345235
ccmQprFjlcLTJKE,0.8747217
VKlPlCeXFWFZtMH,0.9992041
chrcXxwrTFZhNsh,0.98122483
SLmyljqNmQYyxNZ,0.9723479
iPpzzVEMtpHceRV,0.0005791007
WmiAjwRGpMaKaEo,0.9144155
aBlHFmxdJwJnAra,0.22327122
LXFofMxsIBEwChC,0.91772467
NCAuIGsyKIIOAOE,0.86034465
dzjTnvxIlykbOBJ,0.0037448069
VkAWJYhPMtkQxwc,0.04541836
eecEpSEWbGbpJQe,0.7909394
QGpkMgiSTfqtakb,0.0033175743
BUaJrIQKEmYDPrE,0.99995434
TbtZagzkGXxDtTe,0.6288083
GDdVEUWvXuJJeLg,0.002314732
YizDlhkOysWMGeq,0.75501275
QjKmCxDeRwxRSbJ,0.060520932
botkuuxicylplCC,0.40925774
lWwzlHtsrxVpHfs,0.39245334
WAQGQQBpEmqTbeE,0.013271677
VqvLjYUrCcWJNZm,0.036319003
RkIEgtUggfusSBy,0.025422465
PCqDrGZQITMGABX,0.45625243
KBZyFtuFoKsCYeg,0.21433535
kTGWMOvJocStNVd,0.013279934
ajDqDSAnXaPDSkQ,0.040751282
ETUVeihsSWHCmOh,0.034184262
oWTozxNLfKbZVjb,0.035674244
FspPsAmnCuwMBfi,0.91233456
UZOAAQxfQtGjJHr,0.12392794
XsddZMXSGWqLDJa,0.002282143
pKoyKvtRjEPhwYa,0.008157035
CaAhvyLrYiYSXKQ,0.21687606
IgEeVswuGwOQaBY,0.051757667
yvRLbLVgBUSRCMI,0.96956897
wcBqLiLUlyElrTq,0.9999747
OrKxtjEstiDAeEF,0.99708074
IkKdOtaFnfUVfSv,0.8604954
OtQODlLxgyCzVYA,0.3674387
lUFuNYujpISlNWZ,0.00057496916
PKDWoytVkvVlUZf,0.0013937033
ZfBZKrTIdoJKGDD,0.99960953
BvnjPtKMSOvJYTU,0.43805322
QfLhhGbitKgRtzU,0.4878871
QsmqKyHPRjagqiM,0.99974483
htliMIEIBuMVsCF,0.63525903
osUYOlMbpqYONGu,0.113382734
PhbabQvCotctCAM,0.48315609
lCGrudrglRKybsI,0.99948573
RrwvBJnFMYSlbsS,0.22790284
ftsgxzHIetiLJZD,0.16089916
aVZmLCzThAkXkMe,0.0677752
tHdnCTsRnWhsbtg,0.99996674
rwrRraMTghreATk,0.079738416
laTbiNvhAkAaNpN,0.64447
hMoUbKENhVRnTBp,0.567771
MuCxIrWBpOYhOfx,0.30891174
MVEyNxsSsisilqR,0.9267321
otLnyZCzjqjpQlb,0.9998361
XGSlKIVZeeYlVVv,0.017105484
gCouCeIEreeBKtk,0.007955256
eCkfAawToRoQNRD,0.98624355
cuESPSUwcKSIUlN,0.47555283
JycMELyiffDQsdE,0.010163871
yYXXUUVdtLHsUWN,0.3532303
eBajgJyNiyaGcHc,0.47093612
kIWEQhqNIVRjemx,0.48466247
skivkBvDaWPvqbE,0.5093354
ZvcVmYhDtJMbCxj,0.9886309
xTMeyTUKfdtGyfg,0.03733442
OPxgaqJFvwEBGCR,0.0032601322
FDXsQKlnFvsMvfe,0.41097435
ifllcrVmkUGOAnk,0.7383751
ohpMHMWArQGIOPb,0.2296303
iACBlsiteiltEuM,0.9212257
WtezsGvwEyyRFBA,0.9994985
ayRQnNxspjVfVIs,0.38896307
HUwZrfAjkuOIZaL,0.038002986
FQVQlIkccGzzTVW,0.13707297
txAmxVBlkoXVyqE,0.22353818
nAJZkrKQLooJXHA,0.03626855
qbTVKDrTLWofFcd,0.28773397
qejeXvjoIfCkDag,0.98479533
KiLbjAfYuoqviDy,0.029796567
KYsFZCbtGMqlcez,0.07241901
VjCXhMrhSpeHNWo,0.9989268
IGrcovwjvFWDyvx,0.5693422
maVIYmDMjoMKjhE,0.062449183
zWPAUJbuRHhMSQu,0.046955355
OmVmwvYtSkBWFxz,0.0016431614
EDEmUEtmZvKeOCc,0.030337995
WnNDFcGQeWqtNPZ,0.44714436
MXiFiiGSGgRUvVd,0.7154296
JFLveKbkfBJIRer,0.99750274
YoCQmSusMrOjvnn,0.008041296
tQzolFeKtVifqJE,0.9923023
lAZpZrHPkEoWYpx,0.050147012
ZlBzSvmJWbwxPSy,0.8933962
yAWcRTbERJBGQJH,0.99595743
FMgbbmkRhyHAoim,0.14507845
HcEWmJVirkNGHAa,0.07431625
UfVpFTZALimtKeI,0.09467601
geyPYOJanTuByIU,0.9993812
PezYmpwHbdgxINh,0.9858182
sNAiEJYXWdoDood,0.17812805
SBDGThlvTgythko,0.9996573
SXnlyTPMfKWxNEm,0.00282935
eAfRSrDwkluPQhE,0.5071028
iPaMHUBKoaFaHmr,0.9009576
fubVriniTsMPHJZ,0.99553704
BCfucDZzxUlygkx,0.9967722
ioQaxSlotTsLiHw,0.8951074
piCuRaelzWNpbkb,0.9831503
NWPTBSXrfsRKcFn,0.0037918934
TuMlIAQdnyWUtVk,0.039917883
qrmpxJLtsjULqAB,0.61202836
POzhoYCHjMiQnHk,0.2883662
fmVrHyWMPLaBqoc,0.06342975
TOsLElljZuWHrgy,0.98422986
pTAdnVmEjCDSBgP,0.012154966
jwtWPoUkTuQHXtF,0.012645972
OowPJNoDDKVNeAx,0.0027349982
tPADLXKAVAIkVeH,0.012776966
zPjnsmjNiTRSUSP,0.70779663
AkBFKDMIjWxWaQd,0.75891566
bBwBOSVLDdOOwee,0.0627774
VryDDrGwgJjjGmI,0.98495656
UrafZPkWGpEUAyz,0.8537184
jloQKVxEMUFTdSu,0.0021611822
itlWwOmzviSSPjn,0.001554732
WUjpOyCRTWGsdyj,0.010846152
YosKDqoYNDiPMOI,0.97123766
JKyFKEzIbKbakfI,0.1986982
VLUeCPRfiKMSiio,0.025956713
UBjUEMbozXXvoGw,0.18401106
VuHExtflfEgrLSI,0.8268476
uFaCOcSmCQkQMyD,0.32751036
diPmZGBWONZLxSV,0.0021276057
UAnSxEwYPJhqGZh,0.9941987
FltSVIxFHVIvZXB,0.99941266
ZzfPsCiKVhwMTOm,0.7915988
hNqrzlNrzReJyfB,0.0035467884
SehUjbSkEEcNpmV,0.087694965
CLDVSHfzrsMFqwP,0.28026155
PgPvxqXRqTdYQaO,0.071914434
hpFlBoVPwUksSCh,0.0030902706
fzHqygQGYHxglSA,0.0016663729
JjzhMDEvAcyfKlq,0.114492536
hiwMJLpKRcnHuZV,0.9997379
rvdYgDcKokpMcCj,0.6307193
NCPQIJQqUyeEHsp,0.582727
gbJoADBqvphQLYR,0.00051942316
KliNzrsSBnukLeh,0.005681574
DIcIcxoBJqkOvxY,0.0053699063
AifvwJodlxylcAL,0.4663337
whdraHvraVQzqSb,0.0031336574
EJPRuomvLdfbYEo,0.3118516
aRcIVFYMTWPVkEY,0.6750604
hdPlDlprjeXVbYO,0.91606355
gXZvkuwYPXsbImv,0.001388358
yXXwrmtCeiEMVpm,0.15493686
xZQCnyCCTDQUHif,0.99976677
QGevqQhjmDszYzV,0.6932381
VkovgfCJBEWnXPE,0.0043641077
MdMFMLFGEmtOgkd,0.99846905
BIislYegotEVsWE,0.04442515
cxNjNEobxfWYcuX,0.072356954
bbVsjmwkTePQfcy,0.13198133
QarMtIWtjGgsZgp,0.047045488
znunOqVvdejHzUq,0.5579307
uKXAjNiBwnYPPNs,0.2910285
IpnREEtIuQOTaMj,0.9995907
KEfSFHDxYkayOLl,0.034789536
XXUDJXxmcUxmZGr,0.0006595785
yjipsIzDuZiitex,0.622742
PvHLBMJJsmfeeqA,0.9902322
LWGMstiXDxZkrOw,0.9900087
JMJXGeEOiZyHoHd,0.91435754
CWcCPuRIelvjbUh,0.6683895
IswoYrorOdRnCBs,0.9615338
wDTGDhWsmdajyPs,0.9089274
cUZAGryoCYhhsml,0.010594174
hhmBztjQnvvzayt,0.9991672
zEGexHQEEjmMkMJ,0.0090866815
AhIrhloIwylmlUj,0.0662827
BzauGCZXffTpRnv,0.9889737
lgkUZaBzDgXiDLG,0.0006644087
OnighztFWZJTJdU,0.21404439
ByhCkBQJmHYQzYo,0.021635117
jjiIVYhsWwKvhOh,0.9910999
QaumosOonGvvlJa,0.8063609
mkfezRnEeMSjnAT,0.99329823
VtRyjIDMnubTUGw,0.03392859
deVWbumZuYpYBGn,0.7454248
BdndVBWgOGljbEP,0.795754
ZJmBtEtpsPeJWvM,0.4680052
fOVWxgSIBprsCzr,0.010359344
tJOXmQSFcXmKboc,0.8232433
benPhdOCOVLVxFf,0.010490359
IYFrheAGRobafcj,0.14503305
QDYyyoWtXfoHVCl,0.067103475
ocISqzamxWUYzKW,0.05211283
ZTRdGWhAHnINnjV,0.0017683011
aLlTBPwSrpSeYnY,0.0009669639
bFCukuIIlseAYhU,0.33634385
iWUgZAZamqlrEoO,0.9965096
bUMmlyhYeAeKdyV,0.524528
zyNiEIlaSlLgFOi,0.998949
tMSlUkpBTnMlSol,0.00239555
NQHBmWhapTOJTuc,0.9995602
oOfwfRgfhprvrXy,0.13427904
gfZeuHhLJNEYaHN,0.99704236
yMCDkqlFKWJrgtD,0.024968697
OCiWwERzUnYcGWq,0.99563617
TBUoLCcvOOSOVOn,0.9999615
UuTSzYEGxdDYLgf,0.032089602
ELgchZdcNtijfEt,0.9856448
XXKrxHZMjouPsKN,0.99992967
eiPlesGWRnZilkr,0.15465733
YSCRTssLiACApdd,0.7004387
THMFIlIEMLMagMD,0.21930148
QTyrldewCawrEEQ,0.9945352
UJDBogtzgdLcHsY,0.23296352
uUtDdvjZgECjmdF,0.13704719
xcOmenyryNwlgja,0.13187687
ZotuheUuworsqjF,0.002408457
GKjsJvfEotagGke,0.23291187
MixgOKnoceZerNs,0.02104734
MZxZWJoPDyScXUP,0.52094793
vCzWBLkwwnqfApY,0.9974267
GgCeVMHrQTFtQLu,0.8590885
zciBYLyxzJhzWXl,0.28568003
NTjioTenkWqebMr,0.0012551503
wEhxniWTQajFBwh,0.014879403
GeynWobLOcjmCNU,0.30383062
FgpMgeyOYnkkWkF,0.048190776
XRhDRVTWoBoCfDn,0.9995751
niFjdPeSYaWDWlC,0.0029026954
rYOjlmQpXFiavqY,0.25646552
KcTXkTuApiKFRnD,0.46189806
FxlusnXZCmjXOGl,0.17477684
rROtNgDGAtfmEJe,0.99969375
LVHkGMeJItlQpkB,0.12765062
JcxwfIqasOHVpkk,0.4838672
zIEXxGQgYqjVAja,0.9915025
vwarUWkDylPNzGE,0.9906481
HiemOoUycsBGiKz,0.002021702
mxMmWhsqLNajRqA,0.01742156
ZvFbgkPecGrUESu,0.4613578
cBTwHAqCmDBEjWR,0.25879192
xemdEKGEvsTFfRo,0.93541574
nRiPJkgCjnAcYAu,0.99709105
bVDyQrCZbRImzDh,0.99771106
FUSFotGZipLKCTC,0.65224075
SIPSLQxDYyxFWLS,0.011934068
wPjuxOcbrrXzNDC,0.05582494
yfaoOFuUSnpyFwN,0.07696187
iaQpNTIPUjUwpfL,0.0027911735
boZHLMmoEKQelIs,0.97299665
tFIVANDAMSbTjCw,0.24283278
doPEGaIhDisEJDF,0.9891298
jMXyRtVQGfFpaGs,0.006832188
hgxGSRxfUuNWcfx,0.05357502
EfTApaCLTQjoNMw,0.1098011
wucMZtgXobbspON,0.08307798
dearaJIPXPaWWui,0.17174764
ykKylyqDXPmWIBm,0.015469297
zVmoZQHKHSzgbOj,0.5005743
uAcdocigYyFTkcC,0.16511022
IftvJaZKyKyKqzj,0.124395154
zHOGrOqjxTNmlzb,0.99268943
afBAJmgHvCRPmvt,0.84696394
zKghykYPdoExzWf,0.6779942
AqomlrcksUFlpQV,0.0501248
ZGXoLWMcSkgIbyC,0.71062654
cjmhGmCZlynaVyh,0.07913977
IktSTdfAXGkxyBq,0.006402987
WhUjBWNRaDbXgsK,0.9877786
GZyXxODPsZhLvzk,0.5862414
loEHtEumEjFIZZd,0.8543727
yUIZOclAbMzIiPf,0.66755706
DLhXXOTGtnrIXFt,0.9948078
ATBQkgEcTkRyzFZ,0.9984108
wwesaypNqrODdPg,0.007060816
ohzvdpKNYLhREMp,0.99954563
HlyCYBYPBmMukHI,0.15049456
nMhOZlqJmeBcmRB,0.0012159188
kdOwMMmExNopSQk,0.012581075
ShfAvgzGfXHlDkQ,0.99899894
xDnIUCEPAeojtXK,0.43881038
aaDNqCBveuwaZzV,0.37431112
beZakjXBiLUdGOb,0.9980305
rvGSvVDQbSuaVfa,0.5819406
chjGITeRwAdbiAP,0.3317564
weyvLYFvXOBjFoa,0.55909365
xvGDbPLGgasChnz,0.27655965
vmEdmJUCIZzXpIA,0.12275395
SxfTwYjxjKTHjNe,0.05199671
KaMLoNdCpURgezr,0.3401692
FDIKyJeuyzpLmne,0.032921806
SVeWIrlsFffQgRg,0.97002304
nAyfyGbZTBVoCKv,0.9256524
YrcNulOOGWsOThQ,0.8765791
dfuZGDTIWVYlhlN,0.74088836
bfOCIjXMXPRqSoL,0.8687339
YKpuJgoRlyzZSFz,0.34776023
yAkETNABrBUUxKv,0.0033300535
QHyrxPLNBboEDDI,0.0057003642
lNtILXuNppZunsg,0.8955052
syfePxwAQRviBQW,0.7536654
dpBPhTIedZOaeZM,0.1423774
etREDepImNEDRQi,0.00113222
zyCsvmZjNqySTLB,0.25828066
WwZFNLzeLHSIQdX,0.14559501
ZHmtUqxoVGWFJxo,0.1048146
uRfLhNQTMRXwVlR,0.9867737
VPvktanFjvytERv,0.45867226
nZudufxSXWeAbtr,0.00085938117
toNegiIuIVsMFvE,0.3692626
GlePeSTxoGYdQdj,0.3654992
EaicCgJDNhMSmUx,0.0155165
NsXlTgJYHXLeSkQ,0.7854664
ZoyrJdJLeAnfMbK,0.9391681
sCtveWFQgenRXdd,0.12745647
diaMLdqFJTIAeTF,0.9999578
eFMYzmtVzhCBMIH,0.02141447
OqwLeGaFhJKFcHb,0.015837006
mmqRzshOgixVmPM,0.17173012
CXqjeZtNfFWKngU,0.4345614
ONuIUuImEJlohHP,0.7030565
eEaLwkbqHEZrPcT,0.0048755957
GHMbHFBFNMNOGgn,0.084125146
UiUSqJglYHfGhEM,0.32013652
letOGtKpvJvVRxz,0.13426809
dQNizcOpgtMFHXp,0.99997926
YRCmOBxYVqqOeOz,0.25689977
UDkmRkTdpDWZDWT,0.9966974
IAvcoHjThaPWDVi,0.027774723
TieToDUZvscKAXp,0.81683165
ELAHTrEDqgsYSrK,0.004383452
eXpOHDFfrMsrOBS,0.88304806
JWVQUkwWMXGTvse,0.0034949041
pmdMsqomfZltgdC,0.011825434
sVmkvqbdugDAsLz,0.11194134
wdXjuZforVcIkDr,0.29979527
jlnjNTnuZewwIIO,0.0014717957
FULBpJNeKcaSKMd,0.99575764
dFPmxSyxsuVQvqd,0.9996
kCfLswQztenQiZN,0.70915365
iSwDqQUExKTyFUY,0.91903716
mFQHasDGEXwANhP,0.029549317
npvIjTvuKCiKqBW,0.13330658
FmLdCuuOiKMQzUW,0.26023316
EDuQuNhrktlcvwO,0.8145219
BjJuxBmfSeJGEda,0.15144823
cbqVxLpsZecLmRc,0.41413775
kCghWaIpwtHZirW,0.0019214236
UtrjxFpLfbbbyoR,0.15159161
bjIKbGkvXxzMLPK,0.003890559
LkkesZAIsdBLzBs,0.567961
ciZrDQgnLLjvHtb,0.06512967
sSJeMTxtxmUhLEw,0.15151978
fzmsfWRlwgCtxwY,0.07565941
zmUqNNCgTalmPOI,0.63545614
MTQDHsNyCLRkSbD,0.00813389
oSnSIqUTKUnKhke,0.0033553215
yiCoDNhojMLYmiP,0.9838059
nyYnbSKGzKBvesh,0.07771834
IdwEeIWkIXAJwBB,0.1071435
nzkXYainBLWgiSF,0.054612067
DTerGehCkDQRpRt,0.50422555
fZghQelzCBASgWe,0.030820027
VrAwuXURSMwCBXw,0.5722669
hRMqpyENjJpaWDQ,0.95566505
HWzrrysrqcUxUNh,0.02489315
lqhfZbqOvxwwPeH,0.97295266
CtnNTOdqELrKObA,0.1322528
AHLmTTvBmLXJHes,0.0012244729
NSGXgaDVCOXfbOo,0.99485576
McRvorFQgjXqpdt,0.55833024
exWMsmgxgNNUGFA,0.2185627
oioJOZDQcsmOITZ,0.093590595
gXynXldAIatUjaM,0.06746287
FhpDrZNnXiLXhzE,0.29375762
xfagUlNJdkoOwFI,0.73420554
fCDCaikdZqYojbn,0.6065751
rKPubIVDIEtICMs,0.8838459
fszxqhesRDQUqdf,0.9998148
ycjXgbuIzaQzdjx,0.8196989
NmZuvmRNKERaOTv,0.74914914
nWlmZWsbTWRdMTh,0.0032871172
jOdLeCZjYoOoexz,0.016318407
jHiNcFGRUgrdAGz,0.5690765
ESOTbHZrPXNtCaT,0.99974185
wBFOaFCglqVSXJc,0.88313955
xyxDBWaUOUDCjCK,0.98900324
yBoWgLBSbwKKxtI,0.9749083
naVTuEfIdHGkqQP,0.55895615
TNquUIZyMpYSVvb,0.6132209
zcytgwChWMUWveJ,0.00034818178
NShzHBNHpiNoNuu,0.96047544
lhuESjXTGFMqQNi,0.10007495
pJUtTyWhleiciZv,0.38643882
NmSjftUinUgEmkv,0.347159
KfqewWgXnxxSdSG,0.02567889
qkTottQQYaupWtK,0.6313263
LWWhdjVlZMzpuJM,0.01874066
NCwhTMswZyiYQfM,0.99849164
zdjUipEdYnuKPWN,0.00057560526
mNlEAtdIZYYeTKR,0.037231196
JiREOJiTwthLxWl,0.9727003
cKwhJnFsOHmPfWA,0.25065002
vBAMswDxchXojyq,0.10741786
yapsgRVtqJSkUCK,0.31464204
ZSfYariSTXbytrP,0.13394117
whBqLEENXiptwta,0.98803085
knCtUrbEFRadBXt,0.95707005
zpMkXaPrgQmWpCV,0.0075647654
waUVbhjcTaIqoKO,0.99988985
DPCMuHuTowpiyfu,0.05186213
ncLggxbqcpOsEmF,0.011583869
YhpKkFQCOeGDAhY,0.07839127
ZYcSiMYsluMVbeP,0.18559742
mgEulssCpFtUFmu,0.6605477
pYlEAaPETYkYqON,0.47336835
TcddaANleUzlOzE,0.36704886
twiiylKLBvrCnig,0.8874594
ImmpSMMtAdTNbsN,0.109287135
iABWSzOkCzqarOz,0.97510105
IjJWQYwcJWrVXEX,0.39870447
YuFKnMBfAxkEMlw,0.00024848347
fWMfxvaxBAliFSY,0.9998621
mPEOppRyFnbusTI,0.011473841
wkZopvfFVxWWcXt,0.028902493
aOVDTakGOdWeQHh,0.942255
JOmRkTYySbrSeOw,0.44305012
DdEcAzYqyEseTgF,0.0031613084
kXKpgGgEdKWyjuK,0.3126361
TDjivlyjDmVUgBz,0.12180585
wUECwCYMykFbExo,0.005525202
yVMiUSNelJgewCc,0.106482305
WqXVJOWwuIkKzqN,0.0009003832
sXivMqusfFvHwno,0.89401835
HUtGjexcABGOdny,0.999845
tIvroMGpBFwxWGH,0.57681847
zSpfXyzIShCFOih,0.28625593
ELtaFNOcpPJxlqA,0.05686012
koCVwHXbwjnkLom,0.4571485
NlVtdJqGyuEltEm,0.67827564
axyfvFJXoSjzMQR,0.0037395414
FRzZfezbDMvrnZC,0.9890647
QoiRkkZnzAljuxp,0.082699135
QUqDCyNrIbWagBq,0.9722249
KrHVrGENBvZmmQr,0.26163357
xbANRxgwIcqkOwa,0.04866146
YwwqqYXvDfKTwnT,0.771
YYpxWMFYGVRlcVU,0.9917943
vKxNSqdjDqDEddM,0.14032325
fMKniEKyHQiAvPF,0.88872117
xjiJGnZCjCLdyrz,0.0013871869
rCZGFTmFGqvjSHf,0.11111695
cCHxEkNmHBSmmcd,0.004900497
HjZITDHXsmuolLp,0.012343377
LnLSoIXeDklpDtW,0.9979274
ubveYcvYHtivibj,0.0031048714
uIyadTDqxpQKVap,0.99879164
UAOixTLGgZPvGRU,0.92560077
AtbhrYzSwSsgrAL,0.015369699
IPmemyVgKhjuGID,0.13721724
uCMwXFkLpXwaeJa,0.99748
xjZmrYyFaGyPlHw,0.13344912
mSPIMLRXqIyfGZk,0.014315861
GkxoQgOocDTZika,0.94332373
WtIjaRtVxEWWfKD,0.62820476
ieWjyhSMsywikHe,0.8059528
LBUdxqBKVhSDFLF,0.0019199573
umSzlwKneojTOra,0.010996761
mOXKMqMqLNemQDH,0.001415946
CmXBzKrsTsOzGCc,0.973781
DRkXHJypfLppljk,0.07276238
MHzdscJhoIOVrOy,0.04997822
pChFEoedcYTdZeS,0.98083556
hqmYMvdqUYRkmLx,0.00066410925
CIXbusMuYwlkwWP,0.08614731
iVIsldkscVCzLMm,0.44052008
lGbbDMGhnDBkyAm,0.99996614
VQZiFdGSmQWGUXE,0.05749819
swonBtTOCbAHdnd,0.12478414
hlNpvCcJvKmrgEb,0.21650538
PNSqAIyIRUfqHZG,0.9999131
WEaPBanBkxVeSgM,0.0019135973
LeKtQvHdhLDFimG,0.5362773
KuTKzgBPObAWWOL,0.4082178
maMBJqTBYxDTstM,0.0020719287
uTetQeHTAgGMgVD,0.99719393
dilRKOxedZUfveM,0.9995987
OBDInAIVfrrUSDc,0.004724836
mpQwVTGFzFoyGlT,0.18779683
laNKhKeLvCFajJQ,0.009708916
YuSisEWHpImRVjV,0.11001258
wHxmVzfjOajALoB,0.00014763926
sntciJTQbcSAFmH,0.9962773
HfZgpPAgcFuPqvq,0.876195
VHMNZksxaQExLjJ,0.9999708
ueZuoIJNwdMjsXi,0.29080328
avyDSqWidmSjtbK,0.0062418506
dKuoMnPFcKjqkih,0.31415692
gwJVsBYhkCrIpgp,0.13829333
pxSMfxcuaRkhluu,0.8895393
NUWTgowhvMkhJhg,0.38866898
olbeWcJhPtuuVjF,0.044171494
dlGKsKWXTXRngEJ,0.5786772
ylAcAXLUxRFJEpm,0.006968952
kBpVwDlKpzXtLRY,0.011307846
VHoIVRwtXLjyNIP,0.10134326
KgDOzCGztVbZKdY,0.9967289
OyyeHdYxxJIeEui,0.9370964
uZgBWeFEmOmYUHW,0.45804346
XeryRFomWVHHAal,0.000107504246
BYOYkQhEmSHaJil,0.006755303
VIMLDASNmYKuIsS,0.9790211
hDKqeqKsRwzetxc,0.15322287
vSbHbHivkIcLiKc,0.03052227
KCAVEvPJJnaicVF,0.037829645
YTmdGqtxODQpONQ,0.75671315
hkjDUdaHHWtgrvv,0.19585441
hKVUfAUIDnsbghY,0.13777657
lvYUfiEAihuMuUB,0.62140644
bshskgDYquUobZs,0.98366404
SyDHRfhpAxSiPsx,0.062124554
pfLILsGvRaQQxZf,0.053931117
FcCocNuusklJSrv,0.012120033
nFqATNosSLDhIql,0.0046418416
nezVVBsalWksYyK,0.99407506
htpiRAGxEsgtRIB,0.9937874
wGlkjyihawxgQTP,0.9931631
NyCEDibsgjqmaPO,0.91661555
BzgFxaLyJACcEXl,0.46071377
KTRQpvXoMfibcKZ,0.009812847
lSPgHpeVhjyFhnp,0.9976978
WwITIsjrfeAgLiE,0.17984392
ZQusxYHjKSJHfvh,0.22608434
jIqcSXSXCaJVyGf,0.14742692
uVMlZAmXpKUtOmp,0.6587533
YbmhnLvKTLssahm,0.9094157
xmpZgQjnRDwBHcw,0.09908345
pjOzBwldjHlgeNG,0.99872607
fOnNrbMNeNBUfSc,0.9948777
PXxHMxjYOUmQNAw,0.03358193
ziOHDxduxHkvUMS,0.045809776
kKKfsiytXwJODss,0.0012847718
wxQrCGbnGESluEf,0.2517064
jknnbQnZvhuEnRa,0.0017121288
shLzOhsaHJQSuCT,0.17783019
NnABQWSASPAExiC,0.040251497
hRwiyyesLMnzlFV,0.7091818
AjhQRXWAnmLIPOa,0.10110526
XXorTOGPfHmMcCA,0.20434025
GJKXRuKbCChxsEN,0.009608581
ysbRrHCBVNsMsFI,0.3859775
NlHfALPmErhfxTj,0.14681442
hBzhknhbMQGIBSv,0.010952024
SGeqhhkQNIFehNF,0.7545043
UXwXICbKdfKYlWq,5.8950845e-05
rcRiTQHMYwIglDD,0.019832026
ybNoKvqXSIjFXPW,0.3056711
vVWQgOLjRELYfTo,0.052959014
cDoIhgrxwPKhBGW,0.31437147
HwgMGLbSLhoScuy,0.29803607
cOjeEIofLGhFanQ,0.059797954
FJqHTJOPvWbZTCV,0.0008926432
FELJrTzAroWEQpk,0.47198805
MIFCVOWMXCcnoEP,0.0052134595
JPkjSYGqjgvWrZg,0.0005334152
lpJbiINcHklLUtF,0.01718183
nLuIQXJZMkMYXTh,0.0073872074
YFdlTUZSqUVLMVJ,0.9988367
UOGdCjRwpWEbyLZ,0.10299317
OqJIAZSkKsZOdyF,0.3013344
zgUVlaDLYmZUkuJ,0.61141264
YqmTefycnqWxibs,0.9208314
vONkqvCWdLXgFWt,0.0020848867
OfoUcevUKpxxRIZ,0.009155774
niLJonbjZdzuvIs,0.017056666
hoGpyrjpZlXrsyY,0.921301
FaANCoklQpoHoAY,0.0009725536
HtJyUppaDllRXaj,0.0024377168
HewZKlxhTWULkCA,0.71695656
SYEqTEcFVINoswo,0.80542016
GtiaRHtSRcOUFMu,0.15530978
HZRAfiEUBkPFmBG,0.6288128
MKZPitVBZYbEJSd,0.53551674
JRZBbVzkwtiuLgN,0.9984092
OMowkULWWusrgek,0.5524669
nkSZoKPAZGSZNBU,0.9999832
TyywFnjtgyqrTSG,0.018776005
MtChryszLALjdZb,0.037613858
WUAxeotXmcZCZgd,0.58546436
IpwUULFrgHVPNzQ,0.9996302
VeavVekJTCuwwPt,0.094801374
xyFmpQuvUeReOaE,0.5323091
NkLgSYRbZnBHHZm,0.05303804
mKLGhlBeHKLwlPa,0.1640466
fnaeCqgIPStcrFw,0.8018362
bxOSaculClvzebO,0.9979202
KFFEzzwDvfqCNil,0.0017917397
jbLUNxnjpVANuoZ,0.8854157
UEHOESAWsgTzkBM,0.00070350297
DJmrlACviDlUVSB,0.34748518
xqpvLtOwmlUOsIX,0.46032482
ceWSsGjqohFkrzC,0.28992203
cNJGWSgyUyshtwM,0.9567816
VbamqjBZjTpncmc,0.20088208
quhqeaXIApyUSPu,0.008480751
dCOMMfUfNEgVOxU,0.006287912
vcJFmZBxmVLtEDS,0.6490491
BcHdrToAjhACjrM,0.9558846
xxtxBqrOTXhNvKr,0.030075582
pCqwertNfnHKZAy,0.21160133
ziiFReWEkVxOeGT,0.012345679
rmZzlCPvORASPPQ,0.09411103
WnSmIoJPmmqXQOG,0.85726166
fYcWYiKBpRXltxT,0.0027253907
PcBdFDEOKgMcBZk,0.79734087
pyGWjiMIoLTkUXH,0.01961696
TPyeuYczGORcIJa,0.6414314
doPFeyTyhgYfcrh,0.39262965
oSauWedsWFyBnLw,0.92375976
hPMilCDNkPiImoB,0.44558346
uckdxoEqamPGhhu,0.0005337946
WzxmkBbowiTcpyc,0.3988268
hjyuMJPQdVJghjR,0.99959534
HTwdpIcMsztZxCJ,0.99914765
IsYxDXPJJpiEBUI,0.99605906
mIbMqEOAmrFcPzT,0.0060584606
xEpWfXWFfxwnQOM,0.99993193
uemjpDfveETPoMI,0.0036306682
cHIxIQeXWWjfVLl,0.79041505
sNAKFUouAAVweMP,0.041043773
fdKneYYCMkeqxMd,0.9561682
AmPPJUJMrtnQHTr,0.008428226
kPQbOSvkzSPmPcp,0.046873186
lYvRvphnEOMWkQh,0.019089838
hXxaPFXZFzNpRdH,0.005884097
ejyRHZafavLxHjA,0.027232718
QCzrXvLdlEnCvWP,0.15262662
zZPuVQmxHjhwota,0.9950958
gJeZrBEgxIMgQJH,0.9221164
HCdhHCYSzmUyaHZ,0.00048630827
vltkrDmRMLyFacP,0.85972273
apcDmDOyRyNddwB,0.6683414
ltCSTMxkDKqQMvD,0.2200819
FZaivksvUgLWKsh,0.21121761
kTxlwszzrsgLEUT,0.9996631
zVxjEFEyWKcfHvS,0.9983058
NOEsFSFyVewQODn,0.21704406
iIUuESznkeYtLtI,0.03146425
yTnuIolrunBrejV,0.009194206
nhAZHwEudWNYWPM,0.002575798
TcdUHKxwjbecwsp,0.0042260336
wEDRBHaGUglGxGh,0.521089
lLoHlyAtiGvbhrg,0.87803906
ANrpLaQUkkUnamw,0.41388232
eZzOAlpBiPeheUv,0.779671
tERyRdPhRHPpuTG,0.02121157
KpAhJmWiPEEcXpI,0.0864929
zYvgxHPQushmSqh,0.7839539
HzlHyQpwkXhQnel,0.0013819837
CaBLeSLdKffylIa,0.65677726
KmmoFpXZekTQOvA,0.0066611366
vxKMhDiYNAhqskt,0.9985788
tIwAIFZhNSxCDyn,0.9982022
iTMBABwFFSMqWno,0.0021115418
bcKwUpJqfXHHjhC,0.7438151
BRFHOfIocryYOfK,0.34708676
jSAMBJGskiVuqUC,0.21897312
nDtqpQrWnSHOhmk,0.99066377
IlXbUJfrBfxmWjv,0.003906851
wEFBfYktPkDKzIP,0.09813664
yWqpHFEIOgJYTTd,0.049240675
yNJHuDXXIjNtTTX,0.004767804
BPdHdTiWuJOvsqf,0.999977
NoyLZFmjYBsOTWQ,0.0029959565
olJwYTsNHGjWJBO,0.56469357
CmiPgcUSATihVoi,0.20285872
NsnxccLeSVbORhl,0.02367516
OAvcuJlgVtEWGUO,0.98346853
EEqfXYxntAQFLju,0.1743056
qOFlUrYAMGLGsPl,0.44799674
LGxcUcCJpnDxUpI,0.0051078326
RZZurfAnFstQKAZ,0.4653576
RTwIONtRDiKTtrF,0.031768918
psbUSrWIGrJbOQl,0.006452497
oCMPXacOISOUseK,0.11551437
KdaVumMipiWDpxX,0.06868842
pAKhLBGbzkCmNAn,0.0077035604
BwSgUpBwZlNQefT,0.16871515
vXIieQpvMNdXwXx,0.023401348
YRUMOGeqaLnKcZq,0.06402386
AzLmvClmQZHgEeC,0.0035620856
RLSHwgWXIiNjBLK,0.3851241
wXewHZrKKAOCpoB,0.2942998
XDiPcqEitMyIOSy,0.93560463
mqDllDENcxnCFSG,0.9484095
yFdUgpDJNFOpxnk,0.995246
CoMGZCEgAToyWon,0.9999125
NmyqfuqAsqlnHPb,0.20598209
TkappvhFnwzfzfE,0.7531839
yCEYyLXavNELTXQ,0.99962425
kLlRzHXLGrUrXWf,0.98492986
QFTpAgqGTaUQlXE,0.99944955
xjDziXOgvQboZKb,0.0614776
XddrKEHTRYnZKIj,0.7955112
uREPOhMwrmvOaxL,0.9963595
aQizMfLFdpBmuww,0.6068389
wnzCJQCGQSwtiiK,0.9750963
hITGJNYDUHnmsLP,0.0026301926
RXtWjoCIVPzFkUN,0.0014202651
eotLvZJskgzAIbE,0.22424366
XVUXyUaMeRKWwZf,0.052242056
dbhjBvsSvvZZeYu,0.772424
vtjYpGtEPyJkAPo,0.19914682
ipBQoUfbDeGmPkM,0.004076273
ceUZytKbjndyrIt,0.99986947
XyKjJvDDIxCorUm,0.5453743
FpYXHLipkeYmtEa,0.011337043
eimgMuTOTEUwLXX,0.5225279
DIhIjgHGGEfvwqY,0.57187235
UMXSkXOqCwovJWO,0.37811327
aQBYpdZLSrlIrsO,0.8723382
uMkrETiAhopooLO,0.6047076
YrOgCSbJRkNUsIh,0.002341247
bMhbaQeClaqLpow,0.0009056515
NHfWtACEkluVTBM,0.0074821995
lykcguWrpddMAwC,0.72372204
vXQQlRoIDanQCfb,0.20063774
ttnYtyYZfQoxKWL,0.019198854
mYVJxbbLcIJQvUz,0.016732264
EiCWQYKZLydbWpn,0.99949074
VFvCNuofZbAlAdo,0.0002853555
oSJJswTTNhIvCJh,0.99351656
omrvuLjvuuGDieu,0.01614788
ntKvtXmeGkSlYDM,0.032453172
rKDCGuplxlRDjFw,0.25875196
YRBjuSvIRKyStvj,0.00038370988
DnjyANxpfDFKqKf,0.06530477
pVipxPOmsdsQkIR,0.0016237168
DWopGqDYusvsUds,0.08479276
orKpIIYJzPVsHUR,0.00035550757
bSbOszWVHulIPdw,0.9942597
eNgcALYpHvkuEwC,0.020800557
bxhtVaxVdjmuGws,0.9819064
XRnwLWUwQmcLAva,0.0002292539
SJdUVBMuZYjlJDM,0.99345064
mZCqixGMGJjaIWe,0.0021979108
HEEYdQflWToZVuW,0.98612845
iwGwxzRdMLgVVGd,0.004491134
OKlYKjrElizYybS,0.3018452
kcLkaZBalGZeSqJ,0.18269697
HNKzVVuFWDQCwmd,0.005521771
qGYLzwzrlZKvXDH,0.9974675
BpoTetmDemOQyNn,0.14160578
cliRypWwQGkxLCZ,0.16726027
solBcEgxCnTVuQQ,0.56914705
VeOyNRnsPXfuGeG,0.98336583
UzlPJcmleSlbhhI,0.0026839834
pPENnuQzcGExBic,0.025150947
eBhHWsPrMudXOTg,0.049831428
CCAOgPCWfSaDSmI,0.16700089
AYPHqOQoEfcGMHO,0.007397284
eMvxSUQeXxCTZci,0.98252165
ZKvplGJjIogHCCn,0.0024520026
mtblItqiyqMKuxC,0.020965606
IHstFsLpRyGpXkt,0.0008187587
oWhwOLMNdUuakwj,0.0014675341
hRrDtdmaJviYNDi,0.5762615
EownDvSsDiBPZlN,0.59032303
PQBDnAmFZvCPxHV,0.0039239307
zjjFTCMwIbJKQEY,0.06648061
CovPdSkvGtPukiI,0.7039217
jxbeglAEuAhnahC,0.003793342
YWFiRLXHzjHGNXG,0.025394604
hQlfltLwHxqxhzi,0.111844435
FKaALtaujlEXOpq,0.14712027
tkPXjPoxEPeWawC,0.99995995
fWUmbdgksufiagD,0.4688876
VtxXAXfgNYCZGTH,0.0960086
hEdnrQVAsmkYSDE,0.9331315
vPtsIQIaNLLZACD,0.0033629138
qPLRIceQWfTaVuS,0.99961925
CQvxToZmGbVlSUO,0.22361016
aKTGxYXtezgdqNG,0.0013346354
CGZhKPkGQtOEAcd,0.9811389
hpZNAMQNCGZkMOp,0.038256664
vxFlruwXZapzZDb,0.044388928
uSBMXYHczBhqGQQ,0.00084257004
VKkzLferJsYpQsF,0.9390084
kjWuBtEpVCpvmKT,0.010640848
AEjDuKGztTuzjDC,0.7787638
woaChFWPqjCoHyu,0.16263452
NJqQseEAKqAtFaG,0.97671086
wDGVgOVJfpjYHqW,0.11871511
llcDtKhgjEUKXqX,0.02527823
WGtjRXbFGZzoMrf,0.0071136313
KfpoQtvNyZZNJiw,0.18458161
rAHphNVaOJtxtAI,0.99882084
ZSxYzWxfozHpEUQ,0.887671
EsunfLbeSFIomnJ,0.4249571
lWBZKOaemMvIUbZ,0.0018208761
eRboPkOfrDQAMuK,0.2745929
bcirjgHgQGUIRGI,0.99941933
vxKTAwAdcbjcVPZ,0.5749359
sUpHugpBddcLaaJ,0.0005055527
CWggZiyNlXKJvmv,0.11046839
onEDgyOAxNCjWqJ,0.3377237
cPfFBkaCAJDQBle,0.9993248
iYEMFNyXOcXHLsS,0.5624187
MnHdSHrtycProGC,0.15444063
PlTGkYjrkqJyrUZ,0.99748284
XQDoSyCvgXACfGb,0.00672218
llDjfKGcTCCxzgu,0.99410546
IZaxroDiDmROZMb,0.9997954
PnTbSWBoBtzVkhz,0.43267375
JJdukrIyJXleoTy,0.9180405
bTdPEFEKlmpsulj,0.9985526
PapiJJiTmeCudCz,0.09398503
qcuzrXQykatjcJB,0.9932708
EpZjlqvdnsIBamx,0.99967766
yYQqfEoHTTJOSDj,0.707867
ZaVFYcHLFRcwoDW,0.06573247
gSvqDdKwHAivQGo,0.14087112
DOjgrixuEEcsBLo,0.30291173
uxrKMVQcTvWLDeM,0.99994504
uernZFdnLFqejXK,0.07042782
jxNTINLMBmdkIlk,0.01422754
SIXueGSyIghMYpf,0.9770965
aUDZntjfrGGYrnP,0.1965388
kXEuzhKnqPdggVL,0.28489155
tFJEFKoPbntjOqH,0.009721441
jGnkgGabaqkKFcb,0.99880147
UyTOsnKgKuRmQfU,0.009692573
vEbyXXLSvPZTXSf,0.010233802
HyhelOpaBWhdELG,0.18082108
SnrdJGNQZKmImET,0.0004562063
FYJSTxPifJPzGRy,0.0042068698
yBNxXUsnnMJwyai,0.949165
LPRGCUuIqvfrDxj,0.9973392
EqDfNYYQWveWlTY,0.99924576
PTZjJpCzUwqxrFf,0.0426072
oyWEhfDWcChBaGp,0.56378955
BFKQRfwGDGCWCQQ,0.99970716
EanlqqiwWmdozoL,0.9901888
wGVkjnNMwQZgpXM,0.36755306
YMfMQvbEwZNRnlg,0.00013932007
MQLpYwRBVbBSnJL,0.106936686
atdAsPFCkobnucJ,0.0057844543
LEfRKGwMJcQlemY,0.99734676
hXmsPPcJKOyEjPU,0.95155036
MYkdMpYmrxSwExm,0.9831638
itULhrcbYhztDwb,0.5074508
QegtFLOytGObyxj,0.00885604
xMNBsOSYskFALnj,0.015003821
aTWqcdMkhZPWCVm,0.013700762
aMwrINsVkBClBMq,0.54793876
kYeAxdrEJlkkfrB,0.006499418
TBCTQqhCBILNEDf,0.62784374
GwepacrlFzsVtal,0.97420156
EWPOyRaYlZZbnGe,0.13436224
rcdNFSlBxmrGqPS,0.20716736
DdxMRqCCTAZHrsl,0.016578415
hTpHewmLbGluQCf,0.8467162
mLblXRloqtrjpoa,0.086001344
uKKHHBHDWlCQnbp,0.95760715
RyhSApaoIUtYTPD,0.031681456
aWbTkqcRfpZmGuY,0.28309315
GBWquooVlcWrRKy,0.9981123
ejospobEoWQlFqr,0.9842667
nJgypdfcMJQaBbU,0.002896993
uNsOfOVmHXBkigh,0.9928725
TGwnRtDEmZlFTuh,0.038004413
AfGOXwQjkSrMthJ,0.9188623
rCRdDvghevoaVwo,0.07246173
txaFpFDAgZaZYKX,0.04787083
IDxmPaspPQFIMGu,0.006054913
loyyeNnFjvgvPQE,0.07655517
VdmWGYmERuEtQHc,0.99981743
ystAlOjOvXExPgw,0.20280962
ccnFhFmhmIerVVy,0.99995244
eBloppFKwnfYpaU,0.5095934
jwqpRlUxKUexXiY,0.0016554112
wrsNGPUsvigyisg,0.02828096
juqZvsHdOyHIurn,0.05166293
SdLGqYKstDsIXoB,0.00441089
hEsFgHEnzpfpoYZ,0.35676262
bEilspVZEPumxQe,0.9999591
QOEhZDRebwIiymw,0.01824332
PYxamtfcEVIiMNS,0.46705976
FzTnSTAUXTsQBXK,0.690127
MTCigwvzesWeXdO,0.9255373
PwMCplFvBpQUWzF,0.19207513
yeGJRiQAFGDVltb,0.9995964
pVNKKropiKvsLZB,0.1926887
zjocbEcOmaQpWxv,0.019662028
uFLcYrUpJCLdmSj,0.087463565
ONItdTMsBTxZQVU,0.021933213
pYNcKUUqALfyIIM,0.019338207
NADDizmjuZPuAuK,0.4971705
YWUYaVVGkiGZyHo,0.19319311
CDETMMECNENNQxS,0.14949799
OQsIBfQAFisCzkG,0.13212469
hDiabXyzUnmOsWe,0.7038454
sieCUKUekZaGvSB,0.0054604267
UflkBHnkBQVBwuE,0.009393056
JTctfegkSwQrXZq,0.0083256075
BFCmdQfEIlgVmYa,0.0013784465
FkBFINYGQEUGLfY,0.5863848
iXlbnKWCWPvFmuk,0.48249966
uJRLOCgVFcItuaN,0.99994195
PqIdKwKWYywiGwR,0.0737039
anVkpoJxTNcECHh,0.108520694
gMMpUIKbDcsUbBy,0.0039198026
IoCAZzkMAvfMnOX,0.68790287
ysdaeZGzNXwhNwv,0.438601
dwgzwPDgyMgOSaP,0.99570364
BXBWswSOgyQKpAy,0.00011089357
mNARKXBGOCelsZm,0.035925094
zXdmhRkvWfFTgpQ,0.008441882
aTmGxFJewqzzrKM,0.011259181
WDDcQJOSWJenELb,0.99961805
NaSqStVmikIVqxV,0.99867177
hmVZHHIRDXffyaF,0.70736104
wgFrbFjXAQQYQTT,0.41494596
CjqkrmkXACbKrpO,0.3659654
vVUCUUbvCfOHqhm,0.99990165
ysKsCwCEGIagOtv,0.9529868
UwbhxejrmdGcZYH,0.13470134
pzRWrUijUAXerxU,0.056656197
tuZpAetGutAKveg,0.7230404
uqcnGuYkQfPEQNF,0.0027608422
WsXCrTrHHVfLBeL,0.9998697
dZAhMjfsvaIgguj,0.79357123
yLHWExFJEbqJcrG,0.011503214
QatmECyyMnLGqpM,0.87049156
ZzKKCgTIoJvIBMp,0.46022877
AHzpXzVCWPatZYp,0.0019536966
WulTUvApjKpcKTf,0.9943505
zCTOTwuLWhXpwGT,0.35896444
aAMpCjjKOWfgFpM,0.12075498
VsigAFdlvsSnIxG,0.10850294
VNiQdSSqKPPVWta,0.3354333
NMSlmHVeuVMiybg,0.05075808
lIwEZTeBgTHukxk,0.2434518
kqjiXhWxlifFHTN,0.7653771
hMiihEqUoMxIhMC,0.24987814
ncbLRrbhbZzArFy,0.4736167
nVNDDYKoKPhYAPt,0.0027807425
WGBsMkHaTvDUyUE,0.9324632
WcSVoddCAOFRHCk,0.010587069
ToKdIxZIQaQQQex,0.65753263
DtWnBpdptpQSSmw,0.07509309
JhgEdanHYrOvYsA,0.9290078
KtnLBiZztZCEBMQ,0.030486498
kVWXBvKwCmdrjwc,0.53285456
NtuaCVQPrCUfqTh,0.0142682055
MTmvYCGCQgwFGQe,0.012055256
hHIFNcReIgJjpNL,0.42040935
poBSXLJGAgixvsb,0.503295
AMuqSBNwiVDbyRz,0.024066502
rPGhqpLHtlWYFGw,0.94842035
MVDEYaeSvvGjBnz,0.9215846
FzBGBbKJkakEPVb,0.14893274
SzcsPeQRomvAqCb,0.99011153
WqvrPJszlNciGCx,0.8499891
eAJeocwQsVwzPlz,0.81759053
kaZdkgBquLtKbDQ,0.013533931
DdmzwxvndkEzFlT,0.0053223437
fbSPtPznwlCisCH,0.06688586
gUGThTmVeyVwwtR,0.35438225
LrDxNHoEAcglygZ,0.46333072
ZcJRqypFjJJUlKn,0.20075884
yUZFJCItygWuDpP,0.026299572
PNnudMclYWMQRyB,0.88555366
dBqZioiWPLXoHUp,0.20229314
pistvLdzAdxogpo,0.022449503
wCwpgUfMoRYDPCP,0.69254816
rymVpwZputrSYcB,0.91440034
JMUPtbjDpEJymaL,0.0063877036
HlCdcnVAxAzOMmA,0.111185454
XdJOPkvbSzKAmxW,0.96253943
khOxerPFSoEqVwZ,0.001072079
DHRjJRRdvtWasEE,0.18122958
yXVkTlyaqlkyHEk,0.99794453
eiQsBzmmtfYrUCr,0.25314894
IjnKcwRGPXzsOAX,0.99986005
kyQEXfeocThlgwd,0.067945525
WxSFVnseUqoFbbC,0.42882523
bMrTuzVmSRyOYay,0.024453882
GYztdDaJwlFoDKE,0.913221
ShxgJRuzQDSIyeU,0.1528908
girWPDBOkSmoAyI,0.99996066
ddVFkdDYugEgdud,0.076693475
LerhJIgGlKzmHsn,0.5994352
WgadJpEgTsAhHdF,0.81965804
YeMkwhBlddQOfcK,0.64313436
mioGwsORkeivvNh,0.2504256
kinJnbxignOVotf,0.94186664
ycccYXOFDtWbCTd,0.01797587
AOOoOOllDeSUzNu,0.56119597
QMVJMmIfYBiyvNN,0.9957088
TVatERTxJjYbiYC,0.0010372506
kmidHlNqzMKQyxN,0.92805874
xwnaeNrxgsxrdad,0.04088029
WQFaeJgcOjzpORQ,0.8058883
iQODyxvJRVeYHXU,0.034888834
RmgUFuuswwaaQrt,0.010588528
kEvNhAOQYMEzMZb,0.8954422
NnmdcLFMyzqzXqf,0.64997506
mIRnOUCUNiWMjcK,0.93737435
QtwWmsDFODtbkdr,0.0031555283
fEEVjWljoAtuWUd,0.97308874
lMRhcUZSKsBDirx,0.2859816
ppRsarTiaWMGFjw,0.6742472
IXTkDOkaUvpkxKI,0.5079178
meWFpSIoyUdGhdD,0.23869534
ogaORYlHbbVLyWC,0.9562757
fdrtvyJfkNZJhZp,0.98996735
dKVqaVQgbweezMw,0.0089444285
PaAwbEKafoDypZu,0.9999764
CFlDkftAoPqPgEm,0.45581585
BWnqGEcPXQfWwXr,0.000331308
HMCPRtvlomUSAYD,0.00024926435
caQLGyByRmNIDjc,0.0018061143
lTOgbUZCEEUmYKx,0.0067799063
SrcSuBoFpSHcOEC,0.5608584
JXuEiawTjuQJxlF,0.90932256
QnfGrBwVvXjBaLX,0.98226273
GuNiEAzbJQAHLlM,0.98551786
kaZynGBcedTGmDq,0.79123086
rvDkVkFOtzTtmyz,0.14529613
fwOoIVuBXqmUtjI,0.032332342
rFbcmCpauYEeCqV,0.06029814
PaoDbkijEKReDrR,0.01882358
jUCaMOmQNzKlNNX,0.51814556
ATdkQEogDDHtTBQ,0.92389053
XGOTjrGMfBuRsbe,0.7791817
iduJzKSQGaAcfuC,0.7701636
zxAmKPpSaQptTAz,0.9999628
scVwpEwBUtMcRbh,0.14266372
fRgGgqPZdWMhQjw,0.25009793
VwfBGntUtBqpBnx,0.9945109
TPrgaabklqQXrgz,0.07328273
tspDowpBhCkWzTB,0.64406145
vPFrqvjMgNRuOTM,0.97820765
aYKcHQtqehNYLTc,0.008955543
hdYpZuGAHwAEEBC,0.90290034
FfaFUAtjYEkElzi,0.006195925
gasPaoaMpFzMxJP,0.9449236
BHbIBBlDRMSYnIh,0.9864841
qjYmqyanLVHGcpz,0.98466945
yQiyKpSkZgjQnes,0.16832116
FsvvfkHOzGdxfEK,0.92474836
iOVwIZSiXJSeDKS,0.0010481896
qwuRzXAPBpCUFua,0.006894122
KUjnPYHaTsnHddS,0.0035451401
oterairFUvfrxwk,0.1155937
DkyEUkAMiLEdKud,0.6090232
PiOZrFFsyenLgOg,0.044786226
rQwsNWkywNkeBWx,0.021039752
INXRhjKteKPtexn,0.9991541
ycVfZvnGJsjgLBt,0.43606296
ElpmPWArKCkRuie,0.114328444
pNhWgnZOJRhKmAU,0.00036525732
KGZCxydGvAQfFhg,0.008957075
UABGRKpmIbuToIH,0.7165997
YzpaAdrVUabLgEv,0.05801286
xZLKyIpwFgdDCYq,0.04419012
QhpyZQORpdIMFit,0.006147306
nrijFiNFQuSJcbl,0.991441
vbFKfjQXtNlXfzC,0.042689748
AeCDmzVdSepRtom,0.4407235
XWAINjzAJpswHNU,0.8333962
bLtoxrJlKZwKTMT,0.9836168
xYiSUxfEWFwzEcP,0.05055096
hbHWsirvDJSUTrK,0.20013064
rPuKnrkFBFHlAaL,0.04140933
jXCOpnkxhVpWVnm,0.99669814
IIlufMbikcEmKmI,0.146487
quNbAVdhWBVmxMj,0.0054009897
JqIkSzdSZlnXxav,0.17461617
MuUDtwNpehLMqXP,0.9986285
QxAoyoioyLqKoqT,0.010858959
rNzFpdzGHnfjiUK,0.27621737
lkotrNhYLRWjnju,0.028674623
RDNXvZrkzdICiNn,0.5815292
IZvnNZbihAeiDln,0.022808917
RJLKvXkXJxstzqB,0.049084663
AAuvmHUUMYlHLBj,0.054001078
YrdasLJubIViQir,0.27043292
WlPudRvpHSSVDXj,0.95766664
mfwbpQIfQAfYbpX,0.05865593
hFlbXMelfQrRurj,0.0036414063
JSYTzgabGbjDXIx,0.9976666
RkWYMgxBgpanOIy,0.09220576
ApBfhyqpUtNsYsf,0.017443988
SHbWJroDVeUYHqB,0.831899
HEGHUsUKerRoaoy,0.05138374
hNCDXQGVmNnBZYb,0.4749
tnjkAvhGnWWTQVD,0.14218846
ZFXtlYSedoTbyQH,0.999438
YnVtHKWJDGRkDto,0.7459366
CsiwRgMzBtWXbZJ,0.99843687
TZWdeinSWVMlguR,0.0007093803
BlRKZpHmnroixgC,0.020235265
qhutfbbDPPxpIEj,0.16400939
DCtLNhBiTvaRwDg,0.7581091
lzQLdutTpHgeCYM,0.9999871
wILsLIHRoMwaUdJ,0.89355874
tnSGBLQpmhNKoKn,0.99986076
iridUdXcTTxdfbu,0.99496955
xhcdKDSsnQTkOCd,0.34179
MljBZtiWWqYqakg,0.034410134
PpqacHluwfrccHj,0.40967116
RyvqBiikMXnQBwX,0.11854599
MZaTJBhRhdzvSWk,0.79902357
CcDPLoJqjDALiTO,0.0017423019
kJhQQnbEiAClzvM,0.009101764
WjFwonVoNwwzsHq,0.21452783
agEQDLsMBeVoJdp,0.44889688
PWpGOJIHuhMFJnn,0.94331354
dtfqXREEesbjWvt,0.9990139
dECUZWXnkBngEAB,0.9969813
nIkXSpWIuKLtPlo,0.99999356
ThvSpPiNgHVAwjN,0.9964079
iLUUtxgxVexXMIX,0.7925941
vBdwEywlgwiKrjn,0.36123273
gPUxJGeyixWVoWm,0.99607974
LMOFgeKzSGjVsCq,0.021334084
opDiPnBEAxlYmzR,0.99984944
VbTUwXreAuQRrzT,0.2001456
eFBMnWARHVvYwaY,0.7664116
xLgyJFoFWLMTzsJ,0.024697546
BzMZaorecUvgKlI,0.9800969
WNWcgQDjOlPOlbv,0.5140824
SLyFxOZQUYCWici,0.9766739
VmDSDClmmWwDaAq,0.19773318
gAjPiwIJWcHYvnm,0.003915069
LwbfTwmjHzaiFIm,0.020165373
CFvIeCLCwhCwvhW,0.04140399
mrXinXYLMxanMlF,0.26725733
hgedKKPnEgcoyru,0.99898356
NjTcNJUpsJbKnYz,0.92485726
WrnFCVXHkDyVfDd,0.52224565
pBysrDpFxPgxQFj,0.0065369112
bMkoQDbggBrQGMj,0.9974336
AmEIvXvhuKXnGWA,0.6538474
WIultGxCpnUMPcy,0.21067296
BYVZfDJbkKHhmla,0.094102144
LUjAWiJHGNycVem,0.20492528
HEGuCBfsrDqjssX,0.16911599
gEWyszNGgmNzUva,0.053907704
DoxsMgpbGQzSGcm,0.001155248
mmAXEwjukSogoac,0.02559192
OFQzRUSMOHuElot,0.99095577
zzizmXeiNVTkoVz,0.009588011
psBlWDSbyisvtLv,0.36616793
EyeSkUZunHAaeWL,0.46464932
WlqpDgvnrBZaULa,0.004312177
VDimsZFcNMWIBxG,0.46529856
oZBkCzenxsRPRfg,0.052680157
mYHLXZdroXCAnUs,0.0029225198
SLufarLMtUcEmEL,0.011138371
iqXGdUCLOzUHfEI,0.35724244
CZUAgXCkDbSRthG,0.24821699
YhdfLevruudTTRJ,0.3836667
ZAcLovsCszWcqUy,0.012935576
wsGwtQgiGTNldAW,0.090182185
bBMQWzsQPWYrMPg,0.0054736547
IFeuePWATDrWwcy,0.37049645
GeTIIdjDKQgYuhP,0.0010844102
leEMumSCNVogGgM,0.004033734
qIZpYvrxKVGfNRQ,0.99964905
HFCSEbzaXUBNRbJ,0.28239644
hoLuzTYzVeeztkG,0.6673402
fyPPkMaLldBvMTY,0.9997607
trRMnNZvDnFMpvs,0.8502352
QHcsiIdVraczHag,0.70222193
PcaXhzlWyjPbrzP,0.98595595
RqLOdVmMdKfMBvt,0.00045490227
armNdzbqmoUMFiL,0.018275896
PCxDqbnhXwRvQfE,0.64775825
IkKoCQQwTtgitHf,0.038957037
AEPaZSgFfneYkLS,0.0019311577
genXazbHyEpCTmX,0.61354196
LbscTANozUVJVJz,0.63897175
lFwVPeyCWQccNnl,0.0019810598
JyWRDDtPsKgRdVy,0.8974698
yohOylnpfFKwdTn,0.1359871
UcMWQCrVnVgdsOL,0.97861916
KHpEHMXsEQsartD,0.9913823
rWKFulnVgyfndCI,0.9896563
FkeEalyOZslKVBw,0.0033695593
BaGkEaxFtglUKvf,0.15864383
IJZaGpmYEqBfxEA,0.08830702
fLBBhPWUdOBNtVh,0.010078045
ZIcnihapwUHlIdT,0.090565994
iiVtFehFYXYdruM,0.49862513
xmcovvTwuchNXGP,0.21530274
OxdPONJJimdLrbj,0.026683789
PCcJRtwWKubuQzR,0.25952914
bdPrSjEBlVmJHMj,0.053773813
xCyDcDFnFLpvduf,0.05708749
WqTNkWtSNUUcUSZ,0.0057089105
GfhmecqfprFhZbE,0.20715113
UUnshDkamRvwmVU,0.994072
UozoSrdhVMcKkOF,0.39634395
PuBGAWkqQmYmqhS,0.50476646
fJXYWdTVltuPmEn,0.2009225
UgoNzRiAbttJkwt,0.827623
YjmVHUUcZIlPvxB,0.09096861
KBzJRYyMxvcWCYL,0.48331463
XaOScKtIXJEiGnU,0.9942451
jpKPxWXjqqzWULW,0.4651501
MJestlflSxrDhwI,0.013980154
QRbiHHeCOTJUNZt,0.9883229
pcRVxyWFNLgowIu,0.08143422
iVYBSgpLIumZNEI,0.45237345
ZUfBnHUuTpiqRry,0.97316575
ndBxCAOttByHTXd,0.0027925859
vPOUXxufFYxOsIo,0.02138216
mCUwuxLXiIlFVkU,0.00060699054
gxzaeIwqInVLIZU,0.8850974
NLGxQODGLzfnjzK,0.9349823
GKwHIlogUzRZBdu,0.96351796
dooMlsyvmkGyYdz,0.9752636
BTRLznlZobPLbgc,0.21269964
eavlYdRtmOuhRBm,0.024829442
vVOckqmWFiwSfWB,0.30671635
mLfBmJnixqECkJo,0.06434575
EbncKtENDdaCtjD,0.52618307
cdBECwwywpzwDIi,0.09137532
QNOsUjtmNSuXlAQ,0.9993032
fJIvscJpHQDvjnt,0.3526112
ZzuSqtqAztRggHA,0.9799242
BjgfHjXxhdgEkCf,0.011694597
SCyYyPeoPPINuSS,0.0018770546
oVdijgrEkLvdxyQ,0.99974185
vJcLPsJQFxSYtef,0.75838697
LLbTETMSuIPZEML,0.04827192
QyQZhiLPzeCpZLl,0.0033264756
YzlrWQcmHcLvGok,0.9996333
ynkudDJUQvMWOzT,0.9793258
UyRsAvoYvcgdcGF,0.9998678
cOaPZlBjngHCoDf,0.41468024
ndcnQyPoPnsZmdS,0.724904
WsBGNgkWGjnzCMR,0.04631496
IGgWmGbclAJRilu,0.1425714
OryTsXWSHddwBIQ,0.7298533
YNwoeUiCoZDENdj,0.9322881
PybUrxeZJRuiYQu,0.005024138
wkEgNPqtdQVYaPn,0.010652562
prStoxcCqtLWCko,0.81372845
LsAhchbNHwUTEHR,0.999984
vAkpgJAJLgmmozp,0.049175482
bbEyMrPncxeaYSS,0.99070287
PcdfvVUxBKzJyuV,0.06300158
DwSkmWvZIryNGAN,0.99930215
SvrGJxmQpiKGRfq,0.41456178
UMxIetyhQXLlxZG,0.13807304
dykXdhxmfnLafGQ,0.06281145
rfGHEJXBiAnMlii,0.2565683
dIFGITzjzXzgfxo,0.5492224
RedbzqgndUZLsss,0.02516073
OhXbXmthUNVFIOW,0.027586875
PsVcLurbELEyCzv,0.0004621115
cwvtGrzHtYBDzgp,0.016986407
AEJGkTGsvGnwBVQ,0.99898654
CtbetQNNyPvkika,0.17713523
AbJCeYagetldFLS,0.9143495
CLPBlySgUTGcQyZ,0.21886018
dIHPKZYgGkTePOp,0.1691542
QmNjbVNPbxupRff,0.052296635
aIvGIHYNejNUarS,0.91208744
NdijQevlBWBIMFa,0.99762446
FkrUpwwAADPavFm,0.3912546
vYGYnVnSKZYIonU,0.53049874
fHFwnZxmJiyRNKs,0.08427899
LcdaRwrPyGYwJTJ,0.22042805
NiEYhgbzmHRUOwD,0.009628295
NOMpJGPDcUWjOkK,0.110121034
fqLboPOghcHQUIa,0.31342208
HsPaLEhujqQNhOd,0.10730601
vrztVtThpdXnclq,0.0028477544
lxsvObXNIeLzOSZ,0.33345008
qzuDvqyrfvIgfZc,0.75408256
iUfmPXhbJMUmrwE,0.2227185
ouiiCVrtEZuuAFE,0.0005215923
yXmqsYwdYZhmxdT,0.99273795
wYcdPuiEAEuKJnd,0.42635188
VXejGNymeSvBBkG,0.4766624
SFSQEUejfwvqQag,0.14029095
GCIRJxGTmYxHeHP,0.9832372
lvFFaEfqPdPCCAg,0.6102645
ZELRvrWkDbGuiBi,0.53929317
KXBMNdkhOOEUUIv,0.00022645186
OcDDMEjZkIrUfjY,0.0072084605
ujzQblyCwPcAHkf,0.99986446
tSJrOmSTPADytzC,0.0363517
NDsHsdYRMpAargs,0.8994617
mgXlLlhNIQkyOsM,0.007871224
HxAMmJfVrRFYvdo,0.12541881
AYNWCptcTAvAubC,0.4870484
ELzjGcxVisoYinO,0.46155646
XovJimbOiuUVxdI,0.98370355
rNOtjSotntIsBvG,0.9998915
vvjewHUhTJLUuno,0.6367887
imXCVZPNaIphLdW,0.48557246
bfSnuOQiLiSGYMH,0.0031507022
fbLQGogJRqCYgZe,0.754563
BbADzkTbDKTOlLF,0.0037685202
DkcyExPiEaWKiLT,0.024413224
GmUTMPfeuwhcACb,0.99957865
bgrexaMQuBgBwal,0.29255265
GJOldoNlraAWuDQ,0.0014444174
hUOoAQDxqqOPbME,0.011590367
yzvtaPJZIfkeMaW,0.87066364
euJlxliuHPgGmiS,0.10003432
JdMKpddGpaAEPRW,0.0054293117
ZFrAHUhBAJlDLez,0.2688472
AQzzefJGjmEyzzo,0.0111221755
dRaFSWGyZvCWjLu,0.6591851
EPPQujTAGoXMMHx,0.99601054
IsEIwzGHwjRQuBw,0.0066903597
cmCSxweUuRWmRrf,0.99001324
qObPQSDEszoUKbU,0.36461928
AMieWBtjEbmFLkg,0.94548965
UwbUimwmXKnKHKD,0.008025748
mayfvmasfRluHDS,0.2680874
nejzCFfvyEnTYju,0.0024591836
dfDYulmoQLXdCbt,0.07791616
SAYogamasXRGOqG,0.024353836
XpzbrxZGCQCsSQl,0.6458893
eGrcvEhdtMtKeyp,0.5751614
hqvqETrQIYdcknM,0.008978331
BltTLwMKcfJkcVR,0.20297088
tJmghpPStPVfxOJ,0.02790977
MTFOoyoJsmKPXHI,0.9975163
NjxCabWqSzFHIcn,0.95776296
wmpxHLeCUYfCGpz,0.8743689
JSnpkFBXNxSCtqW,0.0038483925
iwTFTjwIJzhOuDG,0.4975949
MMgNQkHRhGJTTll,0.012449976
ZTaGGfOwRemLYjC,0.115545616
NgWoPjowPFpIowL,0.7763849
FXGHSoSaTBJRUSl,0.14580779
JvDANZwmHFjTgSA,0.998898
DSovrrRDVhEiomC,0.0023250487
DSpiIGAVEnUzhvw,0.9081853
FLwvMFWzxUgDoKq,0.00125535
PwBsORArgLwAzIo,0.9991749
yIpgIPbvCNRNFIE,0.06369979
FOIDsiireCAXEgR,0.0078141065
MeSuNtGNHzWTnZw,0.029478794
mZeRvaOfYmoUEjX,0.9666273
BgJIoZAuWtwkKOh,0.71606314
rwqAoAOHdRrQkGU,0.053883426
EaxVgHpAOgufiSy,0.02569854
vwNypLMgaIGeGzx,0.8512391
WaVnkZYSCbUfggq,0.99169546
UHpupubyjlVNrrF,0.18439181
gueaoiiptFpfnqq,0.17478018
PiqmuLYZaScBHZN,0.1774752
bVHmVtHqrRzYvMP,0.0166918
McNFhsJPtbqnajF,0.26857048
jTOeXKvFfHsctcq,0.122201
dZYkAsYQCOwfeQO,0.5512866
MMicjczIRFJOcWX,0.09119263
EtxlhZBzGVEooUm,0.1972293
cUwcEomusmWokAC,0.9969074
mBrVBxWksAQeNpP,0.4519097
dWQreFMJiZLEIhX,0.9556311
OVFUGjSfYhJyXME,0.0010829278
qdIZIBmDxOYMJyv,0.90581286
msZtPyjJwWmDraR,0.40829942
KKAMdvSvWWZqMBZ,0.0940825
rvmGpbLflojNoVX,0.0015680725
pjfTbrctxBUuopX,0.042783327
EBtZXxXfycMyfgZ,0.10600135
tkVLqsYeoBkHdDP,0.6768479
zpyHhRNRsvolDHD,0.2864329
VpKZadIvBBVVUqZ,0.6660735
hLKBCQaJlFVmTqr,0.9427894
arbJUJEHSkSQbTZ,0.99427587
iEwyDtLFPEYFeIT,0.9994635
cCuawwQCNnmkOCU,0.02518775
ajXSDoDtPexCbsF,0.080039434
gJuInawkNjjuevU,0.99849856
ouJTHUgsAJLMxHW,0.8868716
ycBQEyzgVDdDWjv,0.0002947581
NZGvHasahIBsiKp,0.99971944
DFCNKXdwWLUHxop,2.9940193e-05
uVWdiLMIoJRWgIk,0.0036065541
dNUQmyaeOlPVfGx,0.016152093
hopglQNzlORhsiE,0.70747703
PoYNwOIClUbSzgl,0.6939917
FwOlyWfhUFkVrtz,0.056865305
DFmrUTVpvDNUuAi,0.3161339
SHghWCrQVWjLFmv,0.20328158
EtrSMgQTYUUvmbi,0.33641636
ClcGLwDLUDLvcdg,0.17101169
coPcYaWYiQWiWXz,0.8132021
hmYwWVssvOMJvWd,0.009411736
PJfbOBcQFNgoyGN,0.15469405
bbfNMKpgXuAIoXr,0.99961203
pnwdEqHVICAjriP,0.0022938815
btnLCrLRoRgerDs,0.10201313
RZxsAAESJQJTUeQ,0.8351198
DHzpbswbqXxKMBa,0.158885
fkARcRQsPwdstmT,0.057849813
ogNiTKJEmKJyqcv,0.39576238
VNFgChCAEanKnBW,0.99990034
toGjHmonoldqasu,0.27050897
XmzwMjkJgGoqRIk,0.5323881
OwwedPescAHlNSY,0.9999746
oMBBDCaHCUJEZwT,0.007837521
fZWJuCqaKJRiaQv,0.6645441
gwAjofVsNIjqvnx,0.83224976
FiSJEZHPgewRYxe,0.9923403
prhObJPXwiujEmY,0.0016738239
NZCkawBsMvphFyg,0.23858482
ycUuFXlDNdKWJgn,0.7864366
ZQVOWVnrlGIEqmt,0.96428066
ojvotGmRFnwleCL,0.324233
OdCZwrRVFqohDcO,0.99992585
uHYykktIkmGQLBK,0.9997857
bgqQDvrEaZqGLkQ,0.99987936
HqxTdpIbowHCnME,0.081576526
VDKsTeOLyqeKtGn,0.4938723
NoobvAnHLlBBxlQ,0.94081444
DYThQsxbcsqbsbD,0.572999
ztorHQKWopYhlbU,0.96893364
lEAEUeRIAqvhNzf,0.82175267
GdduSlaHjFXhmVz,0.03669694
YyGKXKVCiQehMmK,0.020565007
bLqHLoFgCgtvSis,0.47199538
WLMZTtasiDVTgWi,0.049796477
wXelzQTbYShHkkF,0.9366665
QPfqMHlCMfcnsgN,0.9809451
VCJZjkfZYBmRFZT,0.051615734
IlifBVfGGNhEPdM,0.003360412
YjtihecPQRIvQtB,0.0014499893
kdNVpVvenPxNOIn,0.9998759
RSWKlAMHRdopgUb,0.049571685
LsrljkqqRDWGjyW,0.3737834
efAiymKjksLDCYn,0.02959212
AYToEyUejmtjOjV,0.0067695556
PpoXYNpceRIfxbR,0.01454479
lGFQPvqCpVrbXyh,0.08519862
ScvcrMvWzxYDXKT,0.0057340404
yoCvGGTqBkvziFK,0.07043775
BmSrWvzrriPuQOh,0.0075006355
HfXCITRCHqrLOda,0.4238236
uQLYKtTCnvWWGVu,0.9363342
gYWbwjUOZrOlTzQ,0.5408484
esJzIdnRkHNVvjq,0.1673741
